"date","time","home_team","away_team","home_odds","away_odds","home_score","away_score","home_prob","away_prob","pinnacle_margin"
"02/06/2011","22:29","Green Bay Packers","Pittsburgh Steelers",-147,122,"31","25",0.595141700404858,0.450450450450451,0.0455921508553088
"01/30/2011","23:00","NFC","AFC",-111,-115,"55","41",0.5260663507109,0.534883720930233,0.0609500716411331
"01/23/2011","22:30","Pittsburgh Steelers","New York Jets",-208,169,"24","19",0.675324675324675,0.371747211895911,0.0470718872205862
"01/23/2011","19:00","Chicago Bears","Green Bay Packers",154,-189,"14","21",0.393700787401575,0.653979238754325,0.0476800261559001
"01/16/2011","20:30","New England Patriots","New York Jets",-417,312,"21","28",0.806576402321083,0.242718446601942,0.0492948489230249
"01/16/2011","17:00","Chicago Bears","Seattle Seahawks",-476,355,"35","24",0.826388888888889,0.21978021978022,0.0461691086691087
"01/16/2011","00:00","Atlanta Falcons","Green Bay Packers",-122,-101,"21","48",0.549549549549549,0.502487562189055,0.0520371117386043
"01/15/2011","20:30","Pittsburgh Steelers","Baltimore Ravens",-182,150,"31","24",0.645390070921986,0.4,0.0453900709219859
"01/09/2011","20:30","Philadelphia Eagles","Green Bay Packers",-128,104,"16","21",0.56140350877193,0.490196078431373,0.0515995872033024
"01/09/2011","17:00","Kansas City Chiefs","Baltimore Ravens",144,-175,"7","7",0.409836065573771,0.636363636363636,0.046199701937407
"01/09/2011","00:00","Indianapolis Colts","New York Jets",-135,110,"16","17",0.574468085106383,0.476190476190476,0.0506585612968591
"01/08/2011","20:30","Seattle Seahawks","New Orleans Saints",398,-556,"41","36",0.200803212851406,0.847560975609756,0.0483641884611616
"01/03/2011","00:20","Seattle Seahawks","Los Angeles Rams",147,-182,"16","6",0.404858299595142,0.645390070921986,0.0502483705171275
"01/02/2011","20:15","Denver Broncos","Los Angeles Chargers",187,-233,"28","33",0.348432055749129,0.6996996996997,0.0481317554488285
"01/02/2011","20:15","Green Bay Packers","Chicago Bears",-714,476,"10","3",0.877149877149877,0.173611111111111,0.0507609882609883
"01/02/2011","20:15","Houston Texans","Jacksonville Jaguars",-227,179,"34","17",0.694189602446483,0.3584229390681,0.0526125415145835
"01/02/2011","20:15","Indianapolis Colts","Tennessee Titans",-500,359,"23","20",0.833333333333333,0.217864923747277,0.05119825708061
"01/02/2011","20:15","Philadelphia Eagles","Dallas Cowboys",104,-128,"13","14",0.490196078431373,0.56140350877193,0.0515995872033024
"01/02/2011","20:15","San Francisco 49ers","Arizona Cardinals",-263,208,"38","7",0.724517906336088,0.324675324675325,0.0491932310114129
"01/02/2011","20:15","Washington Commanders","New York Giants",175,-222,"14","17",0.363636363636364,0.68944099378882,0.0530773574251835
"01/02/2011","17:00","Atlanta Falcons","Carolina Panthers",-1250,694,"31","10",0.925925925925926,0.125944584382872,0.0518705103087973
"01/02/2011","17:00","Baltimore Ravens","Cincinnati Bengals",-500,353,"13","7",0.833333333333333,0.22075055187638,0.0540838852097132
"01/02/2011","17:00","Cleveland Browns","Pittsburgh Steelers",219,-278,"9","9",0.313479623824451,0.735449735449735,0.0489293592741868
"01/02/2011","17:00","Detroit Lions","Minnesota Vikings",-196,159,"20","13",0.662162162162162,0.386100386100386,0.0482625482625483
"01/02/2011","17:00","Kansas City Chiefs","Las Vegas Raiders",-227,181,"10","31",0.694189602446483,0.355871886120996,0.0500614885674797
"01/02/2011","17:00","New England Patriots","Miami Dolphins",-227,181,"38","7",0.694189602446483,0.355871886120996,0.0500614885674797
"01/02/2011","17:00","New Orleans Saints","Tampa Bay Buccaneers",-312,243,"13","23",0.757281553398058,0.291545189504373,0.0488267429024314
"01/02/2011","17:00","New York Jets","Buffalo Bills",-112,-110,"38","7",0.528301886792453,0.523809523809524,0.0521114106019767
"12/29/2010","00:00","Philadelphia Eagles","Minnesota Vikings",-1111,680,"14","24",0.917423616845582,0.128205128205128,0.0456287450507105
"12/28/2010","00:30","Atlanta Falcons","New Orleans Saints",-139,114,"14","17",0.581589958158996,0.467289719626168,0.0488796777851641
"12/26/2010","20:15","Green Bay Packers","New York Giants",-169,139,"45","17",0.628252788104089,0.418410041841004,0.0466628299450935
"12/26/2010","20:15","Tampa Bay Buccaneers","Seattle Seahawks",-256,199,"38","15",0.719101123595506,0.334448160535117,0.0535492841306227
"12/26/2010","20:05","Cincinnati Bengals","Los Angeles Chargers",286,-385,"34","20",0.259067357512953,0.793814432989691,0.052881790502644
"12/26/2010","20:05","Denver Broncos","Houston Texans",112,-137,"24","23",0.471698113207547,0.578059071729958,0.0497571849375049
"12/26/2010","20:05","Las Vegas Raiders","Indianapolis Colts",106,-132,"26","31",0.485436893203884,0.568965517241379,0.0544024104452627
"12/26/2010","17:00","Buffalo Bills","New England Patriots",276,-370,"3","3",0.265957446808511,0.787234042553192,0.0531914893617023
"12/26/2010","17:00","Chicago Bears","New York Jets",-141,118,"38","34",0.5850622406639,0.458715596330275,0.0437778369941757
"12/26/2010","17:00","Cleveland Browns","Baltimore Ravens",164,-204,"10","20",0.378787878787879,0.671052631578947,0.0498405103668262
"12/26/2010","17:00","Jacksonville Jaguars","Washington Commanders",-294,233,"17","20",0.746192893401015,0.3003003003003,0.0464931937013155
"12/26/2010","17:00","Kansas City Chiefs","Tennessee Titans",-213,170,"34","14",0.680511182108626,0.37037037037037,0.0508815524789965
"12/26/2010","17:00","Los Angeles Rams","San Francisco 49ers",-139,112,"25","17",0.581589958158996,0.471698113207547,0.0532880713665429
"12/26/2010","17:00","Miami Dolphins","Detroit Lions",-200,160,"27","34",0.666666666666667,0.384615384615385,0.0512820512820511
"12/25/2010","23:30","Arizona Cardinals","Dallas Cowboys",249,-323,"27","26",0.286532951289398,0.763593380614657,0.0501263319040555
"12/24/2010","00:20","Pittsburgh Steelers","Carolina Panthers",-1250,721,"27","3",0.925925925925926,0.121802679658952,0.0477286055848782
"12/21/2010","00:30","Minnesota Vikings","Chicago Bears",208,-263,"14","40",0.324675324675325,0.724517906336088,0.0491932310114129
"12/20/2010","00:20","New England Patriots","Green Bay Packers",-1111,669,"31","27",0.917423616845582,0.130039011703511,0.0474626285490931
"12/19/2010","20:15","Las Vegas Raiders","Denver Broncos",-370,279,"39","23",0.787234042553192,0.263852242744063,0.0510862852972549
"12/19/2010","20:15","Pittsburgh Steelers","New York Jets",-208,168,"17","22",0.675324675324675,0.373134328358209,0.0484590036828842
"12/19/2010","20:05","Seattle Seahawks","Atlanta Falcons",199,-250,"18","34",0.334448160535117,0.714285714285714,0.0487338748208312
"12/19/2010","17:00","Tennessee Titans","Houston Texans",-125,100,"31","17",0.555555555555556,0.5,0.0555555555555556
"02/06/2011","22:29","Green Bay Packers","Pittsburgh Steelers",-147,122,"31","25",0.595141700404858,0.450450450450451,0.0455921508553088
"01/30/2011","23:00","NFC","AFC",-111,-115,"55","41",0.5260663507109,0.534883720930233,0.0609500716411331
"01/23/2011","22:30","Pittsburgh Steelers","New York Jets",-208,169,"24","19",0.675324675324675,0.371747211895911,0.0470718872205862
"01/23/2011","19:00","Chicago Bears","Green Bay Packers",154,-189,"14","21",0.393700787401575,0.653979238754325,0.0476800261559001
"01/16/2011","20:30","New England Patriots","New York Jets",-417,312,"21","28",0.806576402321083,0.242718446601942,0.0492948489230249
"01/16/2011","17:00","Chicago Bears","Seattle Seahawks",-476,355,"35","24",0.826388888888889,0.21978021978022,0.0461691086691087
"01/16/2011","00:00","Atlanta Falcons","Green Bay Packers",-122,-101,"21","48",0.549549549549549,0.502487562189055,0.0520371117386043
"01/15/2011","20:30","Pittsburgh Steelers","Baltimore Ravens",-182,150,"31","24",0.645390070921986,0.4,0.0453900709219859
"01/09/2011","20:30","Philadelphia Eagles","Green Bay Packers",-128,104,"16","21",0.56140350877193,0.490196078431373,0.0515995872033024
"01/09/2011","17:00","Kansas City Chiefs","Baltimore Ravens",144,-175,"7","7",0.409836065573771,0.636363636363636,0.046199701937407
"01/09/2011","00:00","Indianapolis Colts","New York Jets",-135,110,"16","17",0.574468085106383,0.476190476190476,0.0506585612968591
"01/08/2011","20:30","Seattle Seahawks","New Orleans Saints",398,-556,"41","36",0.200803212851406,0.847560975609756,0.0483641884611616
"01/03/2011","00:20","Seattle Seahawks","Los Angeles Rams",147,-182,"16","6",0.404858299595142,0.645390070921986,0.0502483705171275
"01/02/2011","20:15","Denver Broncos","Los Angeles Chargers",187,-233,"28","33",0.348432055749129,0.6996996996997,0.0481317554488285
"01/02/2011","20:15","Green Bay Packers","Chicago Bears",-714,476,"10","3",0.877149877149877,0.173611111111111,0.0507609882609883
"01/02/2011","20:15","Houston Texans","Jacksonville Jaguars",-227,179,"34","17",0.694189602446483,0.3584229390681,0.0526125415145835
"01/02/2011","20:15","Indianapolis Colts","Tennessee Titans",-500,359,"23","20",0.833333333333333,0.217864923747277,0.05119825708061
"01/02/2011","20:15","Philadelphia Eagles","Dallas Cowboys",104,-128,"13","14",0.490196078431373,0.56140350877193,0.0515995872033024
"01/02/2011","20:15","San Francisco 49ers","Arizona Cardinals",-263,208,"38","7",0.724517906336088,0.324675324675325,0.0491932310114129
"01/02/2011","20:15","Washington Commanders","New York Giants",175,-222,"14","17",0.363636363636364,0.68944099378882,0.0530773574251835
"01/02/2011","17:00","Atlanta Falcons","Carolina Panthers",-1250,694,"31","10",0.925925925925926,0.125944584382872,0.0518705103087973
"01/02/2011","17:00","Baltimore Ravens","Cincinnati Bengals",-500,353,"13","7",0.833333333333333,0.22075055187638,0.0540838852097132
"01/02/2011","17:00","Cleveland Browns","Pittsburgh Steelers",219,-278,"9","9",0.313479623824451,0.735449735449735,0.0489293592741868
"01/02/2011","17:00","Detroit Lions","Minnesota Vikings",-196,159,"20","13",0.662162162162162,0.386100386100386,0.0482625482625483
"01/02/2011","17:00","Kansas City Chiefs","Las Vegas Raiders",-227,181,"10","31",0.694189602446483,0.355871886120996,0.0500614885674797
"01/02/2011","17:00","New England Patriots","Miami Dolphins",-227,181,"38","7",0.694189602446483,0.355871886120996,0.0500614885674797
"01/02/2011","17:00","New Orleans Saints","Tampa Bay Buccaneers",-312,243,"13","23",0.757281553398058,0.291545189504373,0.0488267429024314
"01/02/2011","17:00","New York Jets","Buffalo Bills",-112,-110,"38","7",0.528301886792453,0.523809523809524,0.0521114106019767
"12/29/2010","00:00","Philadelphia Eagles","Minnesota Vikings",-1111,680,"14","24",0.917423616845582,0.128205128205128,0.0456287450507105
"12/28/2010","00:30","Atlanta Falcons","New Orleans Saints",-139,114,"14","17",0.581589958158996,0.467289719626168,0.0488796777851641
"12/26/2010","20:15","Green Bay Packers","New York Giants",-169,139,"45","17",0.628252788104089,0.418410041841004,0.0466628299450935
"12/26/2010","20:15","Tampa Bay Buccaneers","Seattle Seahawks",-256,199,"38","15",0.719101123595506,0.334448160535117,0.0535492841306227
"12/26/2010","20:05","Cincinnati Bengals","Los Angeles Chargers",286,-385,"34","20",0.259067357512953,0.793814432989691,0.052881790502644
"12/26/2010","20:05","Denver Broncos","Houston Texans",112,-137,"24","23",0.471698113207547,0.578059071729958,0.0497571849375049
"12/26/2010","20:05","Las Vegas Raiders","Indianapolis Colts",106,-132,"26","31",0.485436893203884,0.568965517241379,0.0544024104452627
"12/26/2010","17:00","Buffalo Bills","New England Patriots",276,-370,"3","3",0.265957446808511,0.787234042553192,0.0531914893617023
"12/26/2010","17:00","Chicago Bears","New York Jets",-141,118,"38","34",0.5850622406639,0.458715596330275,0.0437778369941757
"12/26/2010","17:00","Cleveland Browns","Baltimore Ravens",164,-204,"10","20",0.378787878787879,0.671052631578947,0.0498405103668262
"12/26/2010","17:00","Jacksonville Jaguars","Washington Commanders",-294,233,"17","20",0.746192893401015,0.3003003003003,0.0464931937013155
"12/26/2010","17:00","Kansas City Chiefs","Tennessee Titans",-213,170,"34","14",0.680511182108626,0.37037037037037,0.0508815524789965
"12/26/2010","17:00","Los Angeles Rams","San Francisco 49ers",-139,112,"25","17",0.581589958158996,0.471698113207547,0.0532880713665429
"12/26/2010","17:00","Miami Dolphins","Detroit Lions",-200,160,"27","34",0.666666666666667,0.384615384615385,0.0512820512820511
"12/25/2010","23:30","Arizona Cardinals","Dallas Cowboys",249,-323,"27","26",0.286532951289398,0.763593380614657,0.0501263319040555
"12/24/2010","00:20","Pittsburgh Steelers","Carolina Panthers",-1250,721,"27","3",0.925925925925926,0.121802679658952,0.0477286055848782
"12/21/2010","00:30","Minnesota Vikings","Chicago Bears",208,-263,"14","40",0.324675324675325,0.724517906336088,0.0491932310114129
"12/20/2010","00:20","New England Patriots","Green Bay Packers",-1111,669,"31","27",0.917423616845582,0.130039011703511,0.0474626285490931
"12/19/2010","20:15","Las Vegas Raiders","Denver Broncos",-370,279,"39","23",0.787234042553192,0.263852242744063,0.0510862852972549
"12/19/2010","20:15","Pittsburgh Steelers","New York Jets",-208,168,"17","22",0.675324675324675,0.373134328358209,0.0484590036828842
"12/19/2010","20:05","Seattle Seahawks","Atlanta Falcons",199,-250,"18","34",0.334448160535117,0.714285714285714,0.0487338748208312
"12/19/2010","17:00","Tennessee Titans","Houston Texans",-125,100,"31","17",0.555555555555556,0.5,0.0555555555555556
"02/06/2011","22:29","Green Bay Packers","Pittsburgh Steelers",-147,122,"31","25",0.595141700404858,0.450450450450451,0.0455921508553088
"01/30/2011","23:00","NFC","AFC",-111,-115,"55","41",0.5260663507109,0.534883720930233,0.0609500716411331
"01/23/2011","22:30","Pittsburgh Steelers","New York Jets",-208,169,"24","19",0.675324675324675,0.371747211895911,0.0470718872205862
"01/23/2011","19:00","Chicago Bears","Green Bay Packers",154,-189,"14","21",0.393700787401575,0.653979238754325,0.0476800261559001
"01/16/2011","20:30","New England Patriots","New York Jets",-417,312,"21","28",0.806576402321083,0.242718446601942,0.0492948489230249
"01/16/2011","17:00","Chicago Bears","Seattle Seahawks",-476,355,"35","24",0.826388888888889,0.21978021978022,0.0461691086691087
"01/16/2011","00:00","Atlanta Falcons","Green Bay Packers",-122,-101,"21","48",0.549549549549549,0.502487562189055,0.0520371117386043
"01/15/2011","20:30","Pittsburgh Steelers","Baltimore Ravens",-182,150,"31","24",0.645390070921986,0.4,0.0453900709219859
"01/09/2011","20:30","Philadelphia Eagles","Green Bay Packers",-128,104,"16","21",0.56140350877193,0.490196078431373,0.0515995872033024
"01/09/2011","17:00","Kansas City Chiefs","Baltimore Ravens",144,-175,"7","7",0.409836065573771,0.636363636363636,0.046199701937407
"01/09/2011","00:00","Indianapolis Colts","New York Jets",-135,110,"16","17",0.574468085106383,0.476190476190476,0.0506585612968591
"01/08/2011","20:30","Seattle Seahawks","New Orleans Saints",398,-556,"41","36",0.200803212851406,0.847560975609756,0.0483641884611616
"01/03/2011","00:20","Seattle Seahawks","Los Angeles Rams",147,-182,"16","6",0.404858299595142,0.645390070921986,0.0502483705171275
"01/02/2011","20:15","Denver Broncos","Los Angeles Chargers",187,-233,"28","33",0.348432055749129,0.6996996996997,0.0481317554488285
"01/02/2011","20:15","Green Bay Packers","Chicago Bears",-714,476,"10","3",0.877149877149877,0.173611111111111,0.0507609882609883
"01/02/2011","20:15","Houston Texans","Jacksonville Jaguars",-227,179,"34","17",0.694189602446483,0.3584229390681,0.0526125415145835
"01/02/2011","20:15","Indianapolis Colts","Tennessee Titans",-500,359,"23","20",0.833333333333333,0.217864923747277,0.05119825708061
"01/02/2011","20:15","Philadelphia Eagles","Dallas Cowboys",104,-128,"13","14",0.490196078431373,0.56140350877193,0.0515995872033024
"01/02/2011","20:15","San Francisco 49ers","Arizona Cardinals",-263,208,"38","7",0.724517906336088,0.324675324675325,0.0491932310114129
"01/02/2011","20:15","Washington Commanders","New York Giants",175,-222,"14","17",0.363636363636364,0.68944099378882,0.0530773574251835
"01/02/2011","17:00","Atlanta Falcons","Carolina Panthers",-1250,694,"31","10",0.925925925925926,0.125944584382872,0.0518705103087973
"01/02/2011","17:00","Baltimore Ravens","Cincinnati Bengals",-500,353,"13","7",0.833333333333333,0.22075055187638,0.0540838852097132
"01/02/2011","17:00","Cleveland Browns","Pittsburgh Steelers",219,-278,"9","9",0.313479623824451,0.735449735449735,0.0489293592741868
"01/02/2011","17:00","Detroit Lions","Minnesota Vikings",-196,159,"20","13",0.662162162162162,0.386100386100386,0.0482625482625483
"01/02/2011","17:00","Kansas City Chiefs","Las Vegas Raiders",-227,181,"10","31",0.694189602446483,0.355871886120996,0.0500614885674797
"01/02/2011","17:00","New England Patriots","Miami Dolphins",-227,181,"38","7",0.694189602446483,0.355871886120996,0.0500614885674797
"01/02/2011","17:00","New Orleans Saints","Tampa Bay Buccaneers",-312,243,"13","23",0.757281553398058,0.291545189504373,0.0488267429024314
"01/02/2011","17:00","New York Jets","Buffalo Bills",-112,-110,"38","7",0.528301886792453,0.523809523809524,0.0521114106019767
"12/29/2010","00:00","Philadelphia Eagles","Minnesota Vikings",-1111,680,"14","24",0.917423616845582,0.128205128205128,0.0456287450507105
"12/28/2010","00:30","Atlanta Falcons","New Orleans Saints",-139,114,"14","17",0.581589958158996,0.467289719626168,0.0488796777851641
"12/26/2010","20:15","Green Bay Packers","New York Giants",-169,139,"45","17",0.628252788104089,0.418410041841004,0.0466628299450935
"12/26/2010","20:15","Tampa Bay Buccaneers","Seattle Seahawks",-256,199,"38","15",0.719101123595506,0.334448160535117,0.0535492841306227
"12/26/2010","20:05","Cincinnati Bengals","Los Angeles Chargers",286,-385,"34","20",0.259067357512953,0.793814432989691,0.052881790502644
"12/26/2010","20:05","Denver Broncos","Houston Texans",112,-137,"24","23",0.471698113207547,0.578059071729958,0.0497571849375049
"12/26/2010","20:05","Las Vegas Raiders","Indianapolis Colts",106,-132,"26","31",0.485436893203884,0.568965517241379,0.0544024104452627
"12/26/2010","17:00","Buffalo Bills","New England Patriots",276,-370,"3","3",0.265957446808511,0.787234042553192,0.0531914893617023
"12/26/2010","17:00","Chicago Bears","New York Jets",-141,118,"38","34",0.5850622406639,0.458715596330275,0.0437778369941757
"12/26/2010","17:00","Cleveland Browns","Baltimore Ravens",164,-204,"10","20",0.378787878787879,0.671052631578947,0.0498405103668262
"12/26/2010","17:00","Jacksonville Jaguars","Washington Commanders",-294,233,"17","20",0.746192893401015,0.3003003003003,0.0464931937013155
"12/26/2010","17:00","Kansas City Chiefs","Tennessee Titans",-213,170,"34","14",0.680511182108626,0.37037037037037,0.0508815524789965
"12/26/2010","17:00","Los Angeles Rams","San Francisco 49ers",-139,112,"25","17",0.581589958158996,0.471698113207547,0.0532880713665429
"12/26/2010","17:00","Miami Dolphins","Detroit Lions",-200,160,"27","34",0.666666666666667,0.384615384615385,0.0512820512820511
"12/25/2010","23:30","Arizona Cardinals","Dallas Cowboys",249,-323,"27","26",0.286532951289398,0.763593380614657,0.0501263319040555
"12/24/2010","00:20","Pittsburgh Steelers","Carolina Panthers",-1250,721,"27","3",0.925925925925926,0.121802679658952,0.0477286055848782
"12/21/2010","00:30","Minnesota Vikings","Chicago Bears",208,-263,"14","40",0.324675324675325,0.724517906336088,0.0491932310114129
"12/20/2010","00:20","New England Patriots","Green Bay Packers",-1111,669,"31","27",0.917423616845582,0.130039011703511,0.0474626285490931
"12/19/2010","20:15","Las Vegas Raiders","Denver Broncos",-370,279,"39","23",0.787234042553192,0.263852242744063,0.0510862852972549
"12/19/2010","20:15","Pittsburgh Steelers","New York Jets",-208,168,"17","22",0.675324675324675,0.373134328358209,0.0484590036828842
"12/19/2010","20:05","Seattle Seahawks","Atlanta Falcons",199,-250,"18","34",0.334448160535117,0.714285714285714,0.0487338748208312
"12/19/2010","17:00","Tennessee Titans","Houston Texans",-125,100,"31","17",0.555555555555556,0.5,0.0555555555555556
"12/19/2010","17:00","Baltimore Ravens","New Orleans Saints",-135,110,"30","24",0.574468085106383,0.476190476190476,0.0506585612968591
"12/19/2010","17:00","Carolina Panthers","Arizona Cardinals",-143,118,"19","12",0.588477366255144,0.458715596330275,0.0471929625854195
"12/19/2010","17:00","Cincinnati Bengals","Cleveland Browns",-115,-109,"19","17",0.534883720930233,0.521531100478469,0.0564148214087015
"12/19/2010","17:00","Dallas Cowboys","Washington Commanders",-500,349,"33","30",0.833333333333333,0.22271714922049,0.0560504825538233
"12/19/2010","17:00","Indianapolis Colts","Jacksonville Jaguars",-233,183,"34","24",0.6996996996997,0.353356890459364,0.0530565901590636
"12/19/2010","17:00","Los Angeles Rams","Kansas City Chiefs",-154,125,"13","27",0.606299212598425,0.444444444444444,0.0507436570428696
"12/19/2010","17:00","Miami Dolphins","Buffalo Bills",-250,196,"14","17",0.714285714285714,0.337837837837838,0.0521235521235521
"12/19/2010","17:00","New York Giants","Philadelphia Eagles",-159,129,"31","38",0.613899613899614,0.436681222707424,0.0505808366070375
"12/19/2010","17:00","Tampa Bay Buccaneers","Detroit Lions",-217,174,"20","23",0.684542586750789,0.364963503649635,0.0495060904004236
"12/17/2010","00:20","Los Angeles Chargers","San Francisco 49ers",-556,397,"34","7",0.847560975609756,0.201207243460765,0.0487682190705208
"12/14/2010","00:30","Houston Texans","Baltimore Ravens",131,-161,"28","34",0.432900432900433,0.616858237547893,0.0497586704483257
"12/13/2010","23:20","Minnesota Vikings","New York Giants",189,-238,"3","3",0.346020761245675,0.704142011834319,0.0501627730799943
"12/13/2010","00:20","Dallas Cowboys","Philadelphia Eagles",174,-217,"27","30",0.364963503649635,0.684542586750789,0.0495060904004236
"12/12/2010","20:15","Arizona Cardinals","Denver Broncos",172,-217,"43","13",0.367647058823529,0.684542586750789,0.052189645574318
"12/12/2010","20:15","Chicago Bears","New England Patriots",127,-156,"7","7",0.440528634361233,0.609375,0.0499036343612334
"12/12/2010","20:15","Los Angeles Chargers","Kansas City Chiefs",-526,369,"31","0",0.840255591054313,0.213219616204691,0.0534752072590039
"12/12/2010","20:15","New York Jets","Miami Dolphins",-238,187,"6","6",0.704142011834319,0.348432055749129,0.0525740675834483
"12/12/2010","20:05","New Orleans Saints","Los Angeles Rams",-476,342,"31","13",0.826388888888889,0.226244343891403,0.0526332327802916
"12/12/2010","20:05","San Francisco 49ers","Seattle Seahawks",-217,175,"40","21",0.684542586750789,0.363636363636364,0.0481789503871521
"12/12/2010","17:00","Buffalo Bills","Cleveland Browns",-114,-108,"13","6",0.532710280373832,0.519230769230769,0.0519410496046009
"12/12/2010","17:00","Carolina Panthers","Atlanta Falcons",259,-345,"10","31",0.278551532033426,0.775280898876405,0.0538324309098308
"12/12/2010","17:00","Detroit Lions","Green Bay Packers",243,-312,"7","7",0.291545189504373,0.757281553398058,0.0488267429024314
"12/12/2010","17:00","Jacksonville Jaguars","Las Vegas Raiders",-208,167,"38","31",0.675324675324675,0.374531835205993,0.0498565105306679
"12/12/2010","17:00","Pittsburgh Steelers","Cincinnati Bengals",-417,307,"23","7",0.806576402321083,0.245700245700246,0.0522766480213288
"12/12/2010","17:00","Washington Commanders","Tampa Bay Buccaneers",100,-122,"16","17",0.5,0.549549549549549,0.0495495495495495
"12/10/2010","00:20","Tennessee Titans","Indianapolis Colts",154,-189,"28","30",0.393700787401575,0.653979238754325,0.0476800261559001
"12/07/2010","00:30","New England Patriots","New York Jets",-217,174,"45","3",0.684542586750789,0.364963503649635,0.0495060904004236
"12/06/2010","00:20","Baltimore Ravens","Pittsburgh Steelers",-182,150,"10","13",0.645390070921986,0.4,0.0453900709219859
"12/05/2010","20:15","Arizona Cardinals","Los Angeles Rams",148,-182,"6","6",0.403225806451613,0.645390070921986,0.0486158773735987
"12/05/2010","20:15","Indianapolis Colts","Dallas Cowboys",-263,206,"35","38",0.724517906336088,0.326797385620915,0.0513152919570032
"12/05/2010","20:15","Seattle Seahawks","Carolina Panthers",-238,187,"31","14",0.704142011834319,0.348432055749129,0.0525740675834483
"12/05/2010","20:15","Tampa Bay Buccaneers","Atlanta Falcons",131,-159,"24","28",0.432900432900433,0.613899613899614,0.0468000468000469
"12/05/2010","20:05","Los Angeles Chargers","Las Vegas Raiders",-714,459,"13","28",0.877149877149877,0.178890876565295,0.0560407537151724
"12/05/2010","17:00","Cincinnati Bengals","New Orleans Saints",225,-294,"30","34",0.307692307692308,0.746192893401015,0.0538852010933231
"12/05/2010","17:00","Detroit Lions","Chicago Bears",188,-233,"20","24",0.347222222222222,0.6996996996997,0.0469219219219219
"12/05/2010","17:00","Green Bay Packers","San Francisco 49ers",-476,341,"34","16",0.826388888888889,0.226757369614512,0.0531462585034015
"12/05/2010","17:00","Kansas City Chiefs","Denver Broncos",-400,295,"10","6",0.8,0.253164556962025,0.0531645569620254
"12/05/2010","17:00","Miami Dolphins","Cleveland Browns",-250,198,"10","13",0.714285714285714,0.335570469798658,0.0498561840843721
"12/05/2010","17:00","Minnesota Vikings","Buffalo Bills",-244,190,"38","14",0.709302325581395,0.344827586206897,0.0541299117882921
"12/05/2010","17:00","New York Giants","Washington Commanders",-357,273,"31","7",0.781181619256018,0.268096514745308,0.049278134001326
"12/05/2010","17:00","Tennessee Titans","Jacksonville Jaguars",-179,146,"6","6",0.6415770609319,0.40650406504065,0.04808112597255
"12/03/2010","00:20","Philadelphia Eagles","Houston Texans",-400,298,"34","24",0.8,0.251256281407035,0.0512562814070352
"11/30/2010","00:30","Arizona Cardinals","San Francisco 49ers",106,-132,"6","6",0.485436893203884,0.568965517241379,0.0544024104452627
"11/29/2010","00:20","Indianapolis Colts","Los Angeles Chargers",-137,110,"14","36",0.578059071729958,0.476190476190476,0.0542495479204339
"11/28/2010","20:15","Baltimore Ravens","Tampa Bay Buccaneers",-345,260,"17","10",0.775280898876405,0.277777777777778,0.0530586766541823
"11/28/2010","20:15","Chicago Bears","Philadelphia Eagles",141,-172,"31","26",0.4149377593361,0.632352941176471,0.04729070051257
"11/28/2010","20:15","Denver Broncos","Los Angeles Rams",-185,152,"33","36",0.649122807017544,0.396825396825397,0.0459482038429406
"11/28/2010","20:05","Las Vegas Raiders","Miami Dolphins",-149,125,"17","33",0.598393574297189,0.444444444444444,0.0428380187416333
"11/28/2010","20:05","Seattle Seahawks","Kansas City Chiefs",100,-125,"24","42",0.5,0.555555555555556,0.0555555555555556
"11/28/2010","17:00","Atlanta Falcons","Green Bay Packers",-139,112,"20","17",0.581589958158996,0.471698113207547,0.0532880713665429
"11/28/2010","17:00","Buffalo Bills","Pittsburgh Steelers",234,-303,"16","19",0.29940119760479,0.751861042183623,0.0512622397884133
"11/28/2010","17:00","Cleveland Browns","Carolina Panthers",-435,320,"24","23",0.813084112149533,0.238095238095238,0.0511793502447708
"11/28/2010","17:00","Houston Texans","Tennessee Titans",-238,186,"20","0",0.704142011834319,0.34965034965035,0.0537923614846691
"11/28/2010","17:00","New York Giants","Jacksonville Jaguars",-345,259,"24","20",0.775280898876405,0.278551532033426,0.0538324309098308
"11/28/2010","17:00","Washington Commanders","Minnesota Vikings",114,-137,"13","17",0.467289719626168,0.578059071729958,0.0453487913561261
"11/26/2010","00:20","New York Jets","Cincinnati Bengals",-500,353,"26","10",0.833333333333333,0.22075055187638,0.0540838852097132
"11/25/2010","20:15","Dallas Cowboys","New Orleans Saints",175,-217,"27","30",0.363636363636364,0.684542586750789,0.0481789503871521
"11/25/2010","16:30","Detroit Lions","New England Patriots",227,-294,"24","45",0.305810397553517,0.746192893401015,0.052003290954532
"11/23/2010","00:30","Los Angeles Chargers","Denver Broncos",-455,323,"35","14",0.81981981981982,0.236406619385343,0.0562264392051626
"11/22/2010","00:20","Philadelphia Eagles","New York Giants",-196,160,"27","17",0.662162162162162,0.384615384615385,0.0467775467775469
"11/21/2010","20:15","New England Patriots","Indianapolis Colts",-213,171,"31","28",0.680511182108626,0.3690036900369,0.0495148721455265
"11/21/2010","20:05","Los Angeles Rams","Atlanta Falcons",152,-189,"17","34",0.396825396825397,0.653979238754325,0.050804635579722
"11/21/2010","20:05","New Orleans Saints","Seattle Seahawks",-625,426,"34","19",0.862068965517241,0.190114068441065,0.052183033958306
"11/21/2010","20:05","San Francisco 49ers","Tampa Bay Buccaneers",-204,163,"0","0",0.671052631578947,0.380228136882129,0.0512807684610768
"11/21/2010","17:00","Carolina Panthers","Baltimore Ravens",557,-833,"13","37",0.15220700152207,0.892818863879957,0.045025865402027
"11/21/2010","17:00","Cincinnati Bengals","Buffalo Bills",-233,184,"31","49",0.6996996996997,0.352112676056338,0.0518123757560378
"11/21/2010","17:00","Dallas Cowboys","Detroit Lions",-263,206,"35","19",0.724517906336088,0.326797385620915,0.0513152919570032
"11/21/2010","17:00","Jacksonville Jaguars","Cleveland Browns",-135,110,"24","20",0.574468085106383,0.476190476190476,0.0506585612968591
"11/21/2010","17:00","Kansas City Chiefs","Arizona Cardinals",-370,276,"31","13",0.787234042553192,0.265957446808511,0.0531914893617023
"11/21/2010","17:00","Minnesota Vikings","Green Bay Packers",140,-172,"3","3",0.416666666666667,0.632352941176471,0.0490196078431373
"11/21/2010","17:00","New York Jets","Houston Texans",-312,238,"30","27",0.757281553398058,0.29585798816568,0.0531395415637388
"11/21/2010","17:00","Pittsburgh Steelers","Las Vegas Raiders",-345,259,"35","3",0.775280898876405,0.278551532033426,0.0538324309098308
"11/21/2010","17:00","Tennessee Titans","Washington Commanders",-333,250,"16","19",0.76905311778291,0.285714285714286,0.0547674034971957
"11/19/2010","00:20","Miami Dolphins","Chicago Bears",-139,114,"0","0",0.581589958158996,0.467289719626168,0.0488796777851641
"11/16/2010","00:30","Washington Commanders","Philadelphia Eagles",156,-192,"28","59",0.390625,0.657534246575342,0.0481592465753424
"11/15/2010","00:20","Pittsburgh Steelers","New England Patriots",-217,174,"26","39",0.684542586750789,0.364963503649635,0.0495060904004236
"11/14/2010","20:15","Arizona Cardinals","Seattle Seahawks",-204,164,"18","36",0.671052631578947,0.378787878787879,0.0498405103668262
"11/14/2010","20:15","New York Giants","Dallas Cowboys",-625,434,"20","33",0.862068965517241,0.187265917602996,0.0493348831202378
"11/14/2010","20:15","San Francisco 49ers","Los Angeles Rams",-244,189,"23","20",0.709302325581395,0.346020761245675,0.0553230868270702
"11/14/2010","20:05","Denver Broncos","Kansas City Chiefs",-106,-116,"49","29",0.514563106796116,0.537037037037037,0.0516001438331535
"11/14/2010","17:00","Buffalo Bills","Detroit Lions",-132,106,"14","12",0.568965517241379,0.485436893203884,0.0544024104452627
"11/14/2010","17:00","Chicago Bears","Minnesota Vikings",-105,-118,"27","13",0.51219512195122,0.541284403669725,0.0534795256209444
"11/14/2010","17:00","Cleveland Browns","New York Jets",154,-189,"20","26",0.393700787401575,0.653979238754325,0.0476800261559001
"11/14/2010","17:00","Indianapolis Colts","Cincinnati Bengals",-333,254,"23","17",0.76905311778291,0.282485875706215,0.0515389934891246
"11/14/2010","17:00","Jacksonville Jaguars","Houston Texans",-122,-102,"31","24",0.549549549549549,0.504950495049505,0.0545000445990544
"11/14/2010","17:00","Miami Dolphins","Tennessee Titans",-118,-102,"29","17",0.541284403669725,0.504950495049505,0.0462348987192298
"11/14/2010","17:00","Tampa Bay Buccaneers","Carolina Panthers",-323,245,"31","16",0.763593380614657,0.289855072463768,0.0534484530784254
"11/12/2010","00:20","Atlanta Falcons","Baltimore Ravens",-119,-104,"26","21",0.54337899543379,0.509803921568627,0.0531829170024172
"11/09/2010","00:30","Cincinnati Bengals","Pittsburgh Steelers",200,-256,"21","27",0.333333333333333,0.719101123595506,0.0524344569288389
"11/08/2010","00:20","Green Bay Packers","Dallas Cowboys",-345,263,"45","7",0.775280898876405,0.275482093663912,0.0507629925403164
"11/07/2010","20:15","Las Vegas Raiders","Kansas City Chiefs",-106,-118,"23","20",0.514563106796116,0.541284403669725,0.0558475104658411
"11/07/2010","20:15","Philadelphia Eagles","Indianapolis Colts",-172,140,"26","24",0.632352941176471,0.416666666666667,0.0490196078431373
"11/07/2010","20:05","Seattle Seahawks","New York Giants",270,-357,"7","7",0.27027027027027,0.781181619256018,0.0514518895262879
"11/07/2010","17:00","Atlanta Falcons","Tampa Bay Buccaneers",-500,355,"27","21",0.833333333333333,0.21978021978022,0.0531135531135531
"11/07/2010","17:00","Baltimore Ravens","Miami Dolphins",-238,186,"26","10",0.704142011834319,0.34965034965035,0.0537923614846691
"11/07/2010","17:00","Buffalo Bills","Chicago Bears",129,-156,"19","22",0.436681222707424,0.609375,0.0460562227074237
"11/07/2010","17:00","Carolina Panthers","New Orleans Saints",215,-270,"3","3",0.317460317460317,0.72972972972973,0.0471900471900473
"11/07/2010","17:00","Detroit Lions","New York Jets",196,-244,"20","23",0.337837837837838,0.709302325581395,0.0471401634192332
"11/07/2010","17:00","Houston Texans","Los Angeles Chargers",121,-147,"23","29",0.452488687782805,0.595141700404858,0.0476303881876639
"11/07/2010","17:00","Minnesota Vikings","Arizona Cardinals",-357,277,"27","24",0.781181619256018,0.26525198938992,0.046433608645938
"11/02/2010","00:30","Indianapolis Colts","Houston Texans",-244,195,"30","17",0.709302325581395,0.338983050847458,0.0482853764288529
"10/31/2010","20:15","Arizona Cardinals","Tampa Bay Buccaneers",-175,144,"35","38",0.636363636363636,0.409836065573771,0.046199701937407
"10/31/2010","20:15","Las Vegas Raiders","Seattle Seahawks",-130,104,"33","3",0.565217391304348,0.490196078431373,0.0554134697357205
"10/31/2010","20:15","New England Patriots","Minnesota Vikings",-244,191,"28","18",0.709302325581395,0.343642611683849,0.0529449372652442
"10/31/2010","20:05","Los Angeles Chargers","Tennessee Titans",-233,188,"33","25",0.6996996996997,0.347222222222222,0.0469219219219219
"10/31/2010","17:00","Cincinnati Bengals","Miami Dolphins",-112,-111,"14","22",0.528301886792453,0.5260663507109,0.0543682375033532
"10/31/2010","17:00","Dallas Cowboys","Jacksonville Jaguars",-286,225,"17","35",0.740932642487047,0.307692307692308,0.0486249501793545
"10/31/2010","17:00","Detroit Lions","Washington Commanders",-149,124,"37","25",0.598393574297189,0.446428571428571,0.0448221457257603
"10/31/2010","17:00","Kansas City Chiefs","Buffalo Bills",-333,254,"13","10",0.76905311778291,0.282485875706215,0.0515389934891246
"10/31/2010","17:00","Los Angeles Rams","Carolina Panthers",-147,121,"20","10",0.595141700404858,0.452488687782805,0.0476303881876639
"10/31/2010","17:00","New York Jets","Green Bay Packers",-286,227,"0","0",0.740932642487047,0.305810397553517,0.0467430400405635
"10/31/2010","17:00","San Francisco 49ers","Denver Broncos",-135,110,"24","16",0.574468085106383,0.476190476190476,0.0506585612968591
"10/26/2010","00:30","Dallas Cowboys","New York Giants",-185,150,"35","41",0.649122807017544,0.4,0.049122807017544
"10/25/2010","00:20","Green Bay Packers","Minnesota Vikings",-147,120,"28","24",0.595141700404858,0.454545454545455,0.0496871549503128
"10/24/2010","20:15","Denver Broncos","Las Vegas Raiders",-323,248,"14","59",0.763593380614657,0.28735632183908,0.0509497024537375
"10/24/2010","20:15","Los Angeles Chargers","New England Patriots",-135,110,"20","23",0.574468085106383,0.476190476190476,0.0506585612968591
"10/24/2010","20:05","Seattle Seahawks","Arizona Cardinals",-294,231,"22","10",0.746192893401015,0.302114803625378,0.0483076970263929
"10/24/2010","17:00","Atlanta Falcons","Cincinnati Bengals",-196,159,"39","32",0.662162162162162,0.386100386100386,0.0482625482625483
"10/24/2010","17:00","Baltimore Ravens","Buffalo Bills",-769,494,"37","34",0.884925201380898,0.168350168350168,0.0532753697310659
"10/24/2010","17:00","Carolina Panthers","San Francisco 49ers",106,-132,"23","20",0.485436893203884,0.568965517241379,0.0544024104452627
"10/24/2010","17:00","Chicago Bears","Washington Commanders",-164,134,"14","17",0.621212121212121,0.427350427350427,0.0485625485625487
"10/24/2010","17:00","Kansas City Chiefs","Jacksonville Jaguars",-435,330,"42","20",0.813084112149533,0.232558139534884,0.0456422516844166
"10/24/2010","17:00","Miami Dolphins","Pittsburgh Steelers",125,-154,"22","23",0.444444444444444,0.606299212598425,0.0507436570428696
"10/24/2010","17:00","New Orleans Saints","Cleveland Browns",-769,488,"17","30",0.884925201380898,0.170068027210884,0.054993228591782
"10/24/2010","17:00","Tampa Bay Buccaneers","Los Angeles Rams",-161,131,"18","17",0.616858237547893,0.432900432900433,0.0497586704483257
"10/24/2010","17:00","Tennessee Titans","Philadelphia Eagles",-152,124,"37","19",0.603174603174603,0.446428571428571,0.0496031746031744
"10/19/2010","00:30","Jacksonville Jaguars","Tennessee Titans",123,-149,"3","3",0.448430493273543,0.598393574297189,0.0468240675707314
"10/18/2010","00:20","Washington Commanders","Indianapolis Colts",140,-169,"24","27",0.416666666666667,0.628252788104089,0.0449194547707559
"10/17/2010","20:15","Minnesota Vikings","Dallas Cowboys",-128,104,"24","21",0.56140350877193,0.490196078431373,0.0515995872033024
"10/17/2010","20:05","Denver Broncos","New York Jets",160,-196,"20","24",0.384615384615385,0.662162162162162,0.0467775467775469
"10/17/2010","20:05","San Francisco 49ers","Las Vegas Raiders",-345,261,"17","9",0.775280898876405,0.277008310249307,0.0522892091257119
"10/17/2010","17:00","Chicago Bears","Seattle Seahawks",-278,218,"20","23",0.735449735449735,0.314465408805031,0.049915144254767
"10/17/2010","17:00","Green Bay Packers","Miami Dolphins",-161,138,"20","23",0.616858237547893,0.420168067226891,0.0370263047747836
"10/17/2010","17:00","Houston Texans","Kansas City Chiefs",-227,179,"35","31",0.694189602446483,0.3584229390681,0.0526125415145835
"10/17/2010","17:00","Los Angeles Rams","Los Angeles Chargers",308,-417,"20","17",0.245098039215686,0.806576402321083,0.0516744415367694
"10/17/2010","17:00","New England Patriots","Baltimore Ravens",-145,118,"23","20",0.591836734693878,0.458715596330275,0.0505523310241529
"10/17/2010","17:00","New York Giants","Detroit Lions",-556,390,"28","20",0.847560975609756,0.204081632653061,0.0516426082628172
"10/17/2010","17:00","Philadelphia Eagles","Atlanta Falcons",-125,100,"31","17",0.555555555555556,0.5,0.0555555555555556
"10/17/2010","17:00","Pittsburgh Steelers","Cleveland Browns",-1000,605,"28","10",0.909090909090909,0.141843971631206,0.0509348807221148
"10/17/2010","17:00","Tampa Bay Buccaneers","New Orleans Saints",195,-244,"6","6",0.338983050847458,0.709302325581395,0.0482853764288529
"10/12/2010","00:30","New York Jets","Minnesota Vikings",-227,181,"29","20",0.694189602446483,0.355871886120996,0.0500614885674797
"10/11/2010","00:20","San Francisco 49ers","Philadelphia Eagles",-189,152,"24","27",0.653979238754325,0.396825396825397,0.050804635579722
"10/10/2010","20:15","Dallas Cowboys","Tennessee Titans",-312,241,"27","34",0.757281553398058,0.293255131964809,0.0505366853628675
"10/10/2010","20:15","Las Vegas Raiders","Los Angeles Chargers",242,-312,"35","27",0.292397660818713,0.757281553398058,0.0496792142167717
"10/10/2010","20:05","Arizona Cardinals","New Orleans Saints",240,-312,"30","20",0.294117647058824,0.757281553398058,0.0513992004568817
"10/10/2010","17:00","Baltimore Ravens","Denver Broncos",-385,291,"31","17",0.793814432989691,0.255754475703325,0.0495689086930156
"10/10/2010","17:00","Cleveland Browns","Atlanta Falcons",138,-167,"10","20",0.420168067226891,0.625468164794008,0.0456362320208983
"10/10/2010","17:00","Detroit Lions","Los Angeles Rams",-161,129,"44","6",0.616858237547893,0.436681222707424,0.0535394602553163
"10/10/2010","17:00","Houston Texans","New York Giants",-172,143,"10","34",0.632352941176471,0.411522633744856,0.0438755749213267
"10/10/2010","17:00","Indianapolis Colts","Kansas City Chiefs",-370,284,"19","9",0.787234042553192,0.260416666666667,0.0476507092198581
"09/14/2010","02:15","Kansas City Chiefs","Los Angeles Chargers",174,-217,"21","14",0.364963503649635,0.684542586750789,0.0495060904004236
"09/13/2010","23:00","New York Jets","Baltimore Ravens",-123,-101,"9","9",0.551569506726457,0.502487562189055,0.0540570689155122
"09/13/2010","00:20","Washington Commanders","Dallas Cowboys",159,-192,"13","7",0.386100386100386,0.657534246575342,0.0436346326757286
"09/12/2010","20:15","Los Angeles Rams","Arizona Cardinals",146,-179,"13","17",0.40650406504065,0.6415770609319,0.04808112597255
"09/12/2010","20:15","Philadelphia Eagles","Green Bay Packers",122,-149,"20","27",0.450450450450451,0.598393574297189,0.0488440247476394
"09/12/2010","20:15","Seattle Seahawks","San Francisco 49ers",140,-169,"31","6",0.416666666666667,0.628252788104089,0.0449194547707559
"09/12/2010","17:00","Buffalo Bills","Miami Dolphins",141,-172,"10","15",0.4149377593361,0.632352941176471,0.04729070051257
"09/12/2010","17:00","Chicago Bears","Detroit Lions",-286,227,"19","14",0.740932642487047,0.305810397553517,0.0467430400405635
"09/12/2010","17:00","Houston Texans","Indianapolis Colts",100,-125,"34","24",0.5,0.555555555555556,0.0555555555555556
"09/12/2010","17:00","Jacksonville Jaguars","Denver Broncos",-185,152,"24","17",0.649122807017544,0.396825396825397,0.0459482038429406
"09/12/2010","17:00","New England Patriots","Cincinnati Bengals",-238,190,"38","24",0.704142011834319,0.344827586206897,0.0489695980412161
"09/12/2010","17:00","New York Giants","Carolina Panthers",-270,211,"31","18",0.72972972972973,0.321543408360129,0.0512731380898583
"09/12/2010","17:00","Pittsburgh Steelers","Atlanta Falcons",100,-123,"15","9",0.5,0.551569506726457,0.0515695067264574
"09/12/2010","17:00","Tampa Bay Buccaneers","Cleveland Browns",-147,121,"17","14",0.595141700404858,0.452488687782805,0.0476303881876639
"09/12/2010","17:00","Tennessee Titans","Las Vegas Raiders",-278,216,"38","13",0.735449735449735,0.316455696202532,0.0519054316522671
"09/10/2010","00:30","New Orleans Saints","Minnesota Vikings",-244,194,"14","9",0.709302325581395,0.340136054421769,0.0494383800031641
"09/03/2010","02:00","Arizona Cardinals","Washington Commanders",-213,175,"20","10",0.680511182108626,0.363636363636364,0.0441475457449898
"09/03/2010","00:00","Cleveland Browns","Chicago Bears",110,-132,"13","10",0.476190476190476,0.568965517241379,0.0451559934318555
"09/03/2010","00:00","Dallas Cowboys","Miami Dolphins",127,-147,"27","25",0.440528634361233,0.595141700404858,0.0356703347660918
"09/03/2010","00:00","Houston Texans","Tampa Bay Buccaneers",-139,118,"17","24",0.581589958158996,0.458715596330275,0.0403055544892712
"09/03/2010","00:00","Kansas City Chiefs","Green Bay Packers",-222,181,"17","13",0.68944099378882,0.355871886120996,0.0453128799098164
"09/03/2010","00:00","Los Angeles Rams","Baltimore Ravens",-156,131,"27","21",0.609375,0.432900432900433,0.0422754329004329
"09/03/2010","00:00","Minnesota Vikings","Denver Broncos",-196,167,"31","24",0.662162162162162,0.374531835205993,0.0366939973681548
"09/03/2010","00:00","Tennessee Titans","New Orleans Saints",-345,273,"27","24",0.775280898876405,0.268096514745308,0.0433774136217129
"09/02/2010","23:30","Jacksonville Jaguars","Atlanta Falcons",-154,129,"13","9",0.606299212598425,0.436681222707424,0.0429804353058487
"09/02/2010","23:30","Philadelphia Eagles","New York Jets",-127,104,"17","21",0.559471365638767,0.490196078431373,0.049667444070139
"09/02/2010","23:30","Pittsburgh Steelers","Carolina Panthers",-303,243,"19","3",0.751861042183623,0.291545189504373,0.043406231687996
"09/02/2010","23:00","Indianapolis Colts","Cincinnati Bengals",247,-303,"28","30",0.288184438040346,0.751861042183623,0.0400454802239687
"09/02/2010","23:00","New York Giants","New England Patriots",-149,127,"20","17",0.598393574297189,0.440528634361233,0.0389222086584222
"09/02/2010","22:30","Detroit Lions","Buffalo Bills",-227,185,"28","23",0.694189602446483,0.350877192982456,0.0450667954289394
"08/30/2010","00:00","Denver Broncos","Pittsburgh Steelers",100,-123,"34","17",0.5,0.551569506726457,0.0515695067264574
"08/29/2010","01:00","Las Vegas Raiders","San Francisco 49ers",-118,-105,"24","28",0.541284403669725,0.51219512195122,0.0534795256209444
"08/29/2010","00:30","Chicago Bears","Arizona Cardinals",-204,163,"9","9",0.671052631578947,0.380228136882129,0.0512807684610768
"08/29/2010","00:00","Carolina Panthers","Tennessee Titans",-149,123,"15","7",0.598393574297189,0.448430493273543,0.0468240675707314
"08/29/2010","00:00","Houston Texans","Dallas Cowboys",-238,195,"23","7",0.704142011834319,0.338983050847458,0.043125062681777
"08/29/2010","00:00","Minnesota Vikings","Seattle Seahawks",-222,175,"24","13",0.68944099378882,0.363636363636364,0.0530773574251835
"08/28/2010","23:30","Baltimore Ravens","New York Giants",-204,167,"24","10",0.671052631578947,0.374531835205993,0.0455844667849399
"08/28/2010","23:30","Tampa Bay Buccaneers","Jacksonville Jaguars",125,-152,"13","19",0.444444444444444,0.603174603174603,0.0476190476190474
"08/28/2010","22:30","Buffalo Bills","Cincinnati Bengals",129,-156,"35","20",0.436681222707424,0.609375,0.0460562227074237
"08/28/2010","21:00","Detroit Lions","Cleveland Browns",-145,118,"35","27",0.591836734693878,0.458715596330275,0.0505523310241529
"08/28/2010","00:00","Kansas City Chiefs","Philadelphia Eagles",106,-130,"17","20",0.485436893203884,0.565217391304348,0.0506542845082314
"08/28/2010","00:00","New Orleans Saints","Los Angeles Chargers",-172,142,"36","21",0.632352941176471,0.413223140495868,0.0455760816723383
"08/27/2010","23:00","Miami Dolphins","Atlanta Falcons",-137,114,"6","6",0.578059071729958,0.467289719626168,0.0453487913561261
"08/27/2010","23:00","New York Jets","Washington Commanders",-263,214,"11","16",0.724517906336088,0.318471337579618,0.042989243915706
"08/27/2010","00:00","Green Bay Packers","Indianapolis Colts",-200,162,"59","24",0.666666666666667,0.381679389312977,0.0483460559796436
"08/26/2010","23:30","New England Patriots","Los Angeles Rams",-400,298,"35","36",0.8,0.251256281407035,0.0512562814070352
"08/24/2010","00:00","Tennessee Titans","Arizona Cardinals",-208,169,"24","10",0.675324675324675,0.371747211895911,0.0470718872205862
"08/23/2010","00:00","San Francisco 49ers","Minnesota Vikings",-147,120,"15","10",0.595141700404858,0.454545454545455,0.0496871549503128
"08/22/2010","02:00","Seattle Seahawks","Green Bay Packers",-133,110,"24","27",0.570815450643777,0.476190476190476,0.0470059268342529
"08/22/2010","01:00","Los Angeles Chargers","Dallas Cowboys",-152,124,"14","16",0.603174603174603,0.446428571428571,0.0496031746031744
